<?xml version="1.0" encoding="UTF-8"?>
<plugin-descriptor xmlns:xsi="http://www.w3.org/2001/XMLSchema-instance" xsi:noNamespaceSchemaLocation="https://apps.man.poznan.pl/svn/epo-msword-plugin/trunk/plugin-schema.xsd">
	<teams>
		<team>
			<name>Matematyka</name>
			<styleset>E-podreczniki v20141103</styleset>
			<womi-template>WOMI.xml</womi-template>
			<womi-template-A>WOMI_kontekstA.xml</womi-template-A>
			<womi-template-B>WOMI_kontekstB.xml</womi-template-B>
			<tools>
				<tool id="141203_SzablonModuluMAT"/>
				<tool id="140917_DodajGalerieWOMI"/>
				<tool id="141017_DodajBiogram"/>
				<tool id="140804_DodajCwiczenieMAT"/>
				<tool id="140407_DodajCytat"/>
				<tool id="140407_DodajDefinicje"/>
				<tool id="141008_DodajPojecie"/>
				<tool id="140407_DodajDymek"/>
				<tool id="140407_DodajInstrukcjePostepowania"/>
				<tool id="140408_DodajKodProgramu"/>
				<tool id="140407_DodajListeNumerowana"/>
				<tool id="140407_DodajListePunktowa"/>
				<tool id="140407_DodajRegule"/>
				<tool id="141017_DodajWydarzenie"/>
				<tool id="140407_DodajZadanieMAT"/>
				<tool id="140414_DodajZadanieQuizLosoweOdpMAT"/>
				<tool id="140829_DodajZadanieSilnikoweMAT"/>
				<tool id="150527_DodajKolumnowySt1_MAT"/>
				<tool id="140724_DodajKolumnowySt2"/>
				<tool id="141002_Dodaj_hpp_uspp_MAT2"/>
				<tool id="141002_Dodaj_hpp_uspp_MAT3"/>
				<tool id="141002_Dodaj_hpp_uspp_MAT4"/>
				<tool id="141203_DodajMetadaneModuluMAT"/>
				<tool id="140408_DodajAutoraModulu"/>
				<tool id="140408_DodajSlowoKluczowe"/>
				<tool id="140408_DodajZapisBibliograficzny_artykul"/>
				<tool id="140408_DodajZapisBibliograficzny_ksiazka"/>
				<tool id="140408_DodajZapisBibliograficzny_zrodlo_internetowe"/>
			</tools>
		</team>
		<team>
			<name>Informatyka</name>
			<styleset>E-podreczniki informatyka v20141103</styleset>
			<womi-template>WOMI.xml</womi-template>
			<womi-template-A>WOMI_kontekstA.xml</womi-template-A>
			<womi-template-B>WOMI_kontekstB.xml</womi-template-B>
			<tools>
				<tool id="140911_SzablonModuluINF"/>
				<tool id="140917_DodajGalerieWOMI"/>
				<tool id="141017_DodajBiogram"/>
				<tool id="150121_DodajCwiczenieINF"/>
				<tool id="140407_DodajCytat"/>
				<tool id="140407_DodajDefinicje"/>
				<tool id="141008_DodajPojecie"/>
				<tool id="140407_DodajDymek"/>
				<tool id="140407_DodajInstrukcjePostepowania"/>
				<tool id="140408_DodajKodProgramu"/>
				<tool id="140407_DodajListeNumerowana"/>
				<tool id="140407_DodajListePunktowa"/>
				<tool id="140407_DodajRegule"/>
				<tool id="141017_DodajWydarzenie"/>
				<tool id="140407_DodajZadanie"/>
				<tool id="140410_DodajZadanieQuizLosoweOdp"/>
				<tool id="140829_DodajZadanieSilnikowe"/>	
				<tool id="150527_DodajKolumnowySt1_INF"/>
				<tool id="140724_DodajKolumnowySt2"/>
				<tool id="141002_Dodaj_hpp_uspp_ZKOMP2"/>
				<tool id="141002_Dodaj_hpp_uspp_INF3"/>
				<tool id="141002_Dodaj_hpp_uspp_INF4"/>
				<tool id="140911_DodajMetadaneModuluINF"/>
				<tool id="140408_DodajAutoraModulu"/>
				<tool id="140408_DodajSlowoKluczowe"/>
			</tools>
		</team>
		<team>
			<name>Uniwersytet Przyrodniczy</name>
			<styleset>E-podreczniki UP v20150512</styleset>
			<womi-template>WOMI_UP.xml</womi-template>
			<womi-template-A>WOMI_kontekstA.xml</womi-template-A>
			<womi-template-B>WOMI_kontekstB.xml</womi-template-B>
			<tools>
				<tool id="140916_DodajZestawZadan"/>
				<tool id="140808_DodajPolecenie"/>
				<tool id="140808_DodajPraceDomowa"/>
				<tool id="140917_DodajGalerieWOMI"/>
				<tool id="141017_DodajBiogram"/>
				<tool id="140408_DodajCwiczenie"/>
				<tool id="140407_DodajCytat"/>
				<tool id="141030_DodajDefinicjeUP"/>
				<tool id="141030_DodajPojecieUP"/>
				<tool id="140818_DodajDoswiadczenie"/>
				<tool id="141024_DodajDoswiadczenie_tabela"/>
				<tool id="140407_DodajDymek"/>
				<tool id="140407_DodajInstrukcjePostepowania"/>
				<tool id="141024_DodajObserwacje"/>
				<tool id="141024_DodajObserwacje_tabela"/>
				<tool id="140407_DodajRegule"/>
				<tool id="141017_DodajWydarzenie"/>
				<tool id="140924_DodajZadanieSilnikoweUP"/>
				<tool id="150506_DodajKolumnowySt1_UP"/>
				<tool id="140904_DodajKolumnowySt2UP"/>
				<tool id="141002_Dodaj_hpp_uspp_BIOL3"/>
				<tool id="141002_Dodaj_hpp_uspp_BIOL4"/>
				<tool id="141002_Dodaj_hpp_uspp_CHEM3"/>
				<tool id="141002_Dodaj_hpp_uspp_CHEM4"/>
				<tool id="141002_Dodaj_hpp_uspp_EBEZP3"/>
				<tool id="141002_Dodaj_hpp_uspp_EBEZP4"/>
				<tool id="141002_Dodaj_hpp_uspp_FIZ3"/>
				<tool id="141002_Dodaj_hpp_uspp_FIZ4"/>
				<tool id="141002_Dodaj_hpp_uspp_GEO3"/>
				<tool id="141002_Dodaj_hpp_uspp_GEO4"/>
				<tool id="141002_Dodaj_hpp_uspp_PRZYR2"/>
				<tool id="140818_DodajMetadaneModuluUP"/>
				<tool id="140408_DodajAutoraModulu"/>
				<tool id="140408_DodajSlowoKluczowe"/>
				<tool id="140408_DodajZapisBibliograficzny_artykul"/>
				<tool id="140408_DodajZapisBibliograficzny_ksiazka"/>
				<tool id="140408_DodajZapisBibliograficzny_zrodlo_internetowe"/>
				<tool id="140408_DodajZapisBibliograficzny_ustawa"/>
				<tool id="140408_DodajAutoraPublikacji"/>
				<tool id="140408_DodajTlumaczaPublikacji"/>
				<tool id="140407_DodajListeNumerowana"/>
				<tool id="140407_DodajListePunktowa"/>
				<tool id="140407_DodajZadanie"/>
				<tool id="140410_DodajZadanieQuizLosoweOdp"/>
				
			</tools>
		</team>
		<team>
			<name>Przykłady</name>
			<styleset>E-podreczniki v20141103</styleset>
			<womi-template>WOMI.xml</womi-template>
			<womi-template-A>WOMI_kontekstA.xml</womi-template-A>
			<womi-template-B>WOMI_kontekstB.xml</womi-template-B>
			<tools>
				<tool id="140724_przyklad_paginacji-zadania_z_losowaniem_odpowiedzi"/>
				<tool id="140408_PrzykladWykorzystaniaSzablonow"/>
				<tool id="140416_samouczek4_modul_znak_blok_womi"/>
				<tool id="140708_samouczek_6_tworzenie_zadan_z_losowaniem_odpowiedzi"/>
				<tool id="140416_przyklad_test_jednokrotnego_wyboru_1"/>
				<tool id="140416_przyklad_test_jednokrotnego_wyboru_2"/>
				<tool id="140416_przyklad_test_jednokrotnego_wyboru_3"/>
				<tool id="140416_przyklad_test_jednokrotnego_wyboru_4"/>
				<tool id="140416_przyklad_test_wielokrotnego_wyboru_1"/>
				<tool id="140416_przyklad_test_wielokrotnego_wyboru_2"/>
				<tool id="140416_przyklad_test_wielokrotnego_wyboru_3"/>
				<tool id="140416_przyklad_test_wielokrotnego_wyboru_4"/>
				<tool id="140416_przyklad_test_wielokrotnego_wyboru_prawda_falsz_1"/>
				<tool id="140416_przyklad_test_wielokrotnego_wyboru_prawda_falsz_2"/>
				<tool id="140416_przyklad_test_wielokrotnego_wyboru_prawda_falsz_3"/>
				<tool id="140416_przyklad_test_wielokrotnego_wyboru_prawda_falsz_4"/>
			</tools>
		</team>
	</teams>
	<tools>		
		<tool id="140408_DodajAutoraModulu">
			<label>Autor modułu</label>
			<alt/>
			<icon>epk-autor-modulu.png</icon>
			<template>140408_DodajAutoraModulu.xml</template>
		</tool>
		<tool id="141017_DodajBiogram">
			<label>Biogram</label>
			<alt>pozwala wyznaczyć fragment treści tworzący biogram</alt>
			<icon>epk-biogram.png</icon>
			<template>141017_DodajBiogram.xml</template>
		</tool>
		<tool id="140408_DodajCwiczenie">
			<label>Ćwiczenie</label>
			<alt>pozwala wyznaczyć fragment treści tworzący pojedyncze ćwiczenie</alt>
			<icon>epk-cwiczenie.png</icon>
			<template>140408_DodajCwiczenie.xml</template>
		</tool>
		<tool id="150121_DodajCwiczenieINF">
			<label>Ćwiczenie</label>
			<alt>pozwala wyznaczyć fragment treści tworzący pojedyncze ćwiczenie</alt>
			<icon>epk-cwiczenie.png</icon>
			<template>150121_DodajCwiczenieINF.xml</template>
		</tool>
		<tool id="140804_DodajCwiczenieMAT">
			<label>Ćwiczenie</label>
			<alt>pozwala wyznaczyć fragment treści tworzący pojedyncze ćwiczenie</alt>
			<icon>epk-cwiczenie.png</icon>
			<template>140804_DodajCwiczenieMAT.xml</template>
		</tool>
		<tool id="140407_DodajCytat">
			<label>Cytat</label>
			<alt>pozwala wyznaczyć fragment treści tworzący pojedynczy cytat</alt>
			<icon>epk-cytat.png</icon>
			<template>140407_DodajCytat.xml</template>
		</tool>
		<tool id="140407_DodajDefinicje">
			<label>Definicja</label>
			<alt>pozwala wyznaczyć fragment treści tworzący pojedynczą definicję</alt>
			<icon>epk-definicja.png</icon>
			<template>140407_DodajDefinicje.xml</template>
		</tool>
		<tool id="141030_DodajDefinicjeUP">
			<label>Definicja</label>
			<alt>pozwala wyznaczyć fragment treści tworzący pojedynczą definicję</alt>
			<icon>epk-definicja.png</icon>
			<template>141030_DodajDefinicjeUP.xml</template>
		</tool>
		<tool id="141008_DodajPojecie">
			<label>Pojęcie</label>
			<alt>pozwala wyznaczyć fragment treści tworzący pojedyncze pojęcie</alt>
			<icon>epk-pojecie.png</icon>
			<template>141008_DodajPojecie.xml</template>
		</tool>
		<tool id="141030_DodajPojecieUP">
			<label>Pojęcie</label>
			<alt>pozwala wyznaczyć fragment treści tworzący pojedyncze pojęcie</alt>
			<icon>epk-pojecie.png</icon>
			<template>141030_DodajPojecieUP.xml</template>
		</tool>
		<tool id="140818_DodajDoswiadczenie">
			<label>Doświadczenie</label>
			<alt>pozwala wyznaczyć fragment treści tworzący pojedynczy eksperyment</alt>
			<icon>epk-doswiadczenie.png</icon>
			<template>140818_DodajDoswiadczenie.xml</template>
		</tool>
		<tool id="141024_DodajDoswiadczenie_tabela">
			<label>Doświadczenie - sama tabela</label>
			<alt>pozwala wyznaczyć fragment treści tworzący pojedynczy eksperyment</alt>
			<icon>epk-doswiadczenie.png</icon>
			<template>141024_DodajDoswiadczenie_tabela.xml</template>
		</tool>
		<tool id="140407_DodajDymek">
			<label>Dymek</label>
			<alt>pozwalający opisać "dymek" wyświetlający się po najechaniu na tekst (blok zawiera: nazwę, typ, treść)</alt>
			<icon>epk-dymek.png</icon>
			<template>140407_DodajDymek.xml</template>
		</tool>
		<tool id="140917_DodajGalerieWOMI">
			<label>Galeria WOMI</label>
			<alt/>
			<icon>epk-galeria-womi.png</icon>
			<template>140917_DodajGalerieWOMI.xml</template>
		</tool>		
		
		<tool id="140407_DodajInstrukcjePostepowania">
			<label>Instrukcja postępowania</label>
			<alt></alt>
			<icon>epk-lista.png</icon>
			<template>140407_DodajInstrukcjePostepowania.xml</template>
		</tool>	
		<tool id="140408_DodajKodProgramu">
			<label>Kod programu</label>
			<alt>pozwala na oznaczenie fragmentu treści jako kodu źródłowego napisanym w jakimś języku programowania</alt>
			<icon>epk-kod.png</icon>
			<template>140408_DodajKodProgramu.xml</template>
		</tool>
		<tool id="140407_DodajListeNumerowana">
			<label>Lista numerowana</label>
			<alt/>
			<icon>epk-lista.png</icon>
			<template>140407_DodajListeNumerowana.xml</template>
		</tool>
		<tool id="140407_DodajListePunktowa">
			<label>Lista punktowana</label>
			<alt/>
			<icon>epk-lista.png</icon>
			<template>140407_DodajListePunktowa.xml</template>
		</tool>
		<tool id="141024_DodajObserwacje">
			<label>Obserwacja</label>
			<alt>pozwala wyznaczyć fragment treści tworzący pojedynczą obserwację</alt>
			<icon>epk-obserwacja.png</icon>
			<template>141024_DodajObserwacje.xml</template>
		</tool>
		<tool id="141024_DodajObserwacje_tabela">
			<label>Obserwacja - sama tabela</label>
			<alt>pozwala wyznaczyć fragment treści tworzący pojedynczą obserwację</alt>
			<icon>epk-obserwacja.png</icon>
			<template>141024_DodajObserwacje_tabela.xml</template>
		</tool>
		<tool id="140808_DodajPolecenie">
			<label>Polecenie</label>
			<alt>pozwala wyznaczyć fragment treści tworzący grupę poleceń powiązanych z notkami</alt>
			<icon>epk-polecenie.png</icon>
			<template>140808_DodajPolecenie.xml</template>
		</tool>
		<tool id="140808_DodajPraceDomowa">
			<label>Praca domowa</label>
			<alt>pozwala wyznaczyć fragment treści będący pracą domową</alt>
			<icon>epk-praca-domowa.png</icon>
			<template>140808_DodajPraceDomowa.xml</template>
		</tool>
		<tool id="140407_DodajRegule">
			<label>Reguła</label>
			<alt>pozwala wyznaczyć fragment treści tworzący pojedynczą regułę</alt>
			<icon>epk-regula.png</icon>
			<template>140407_DodajRegule.xml</template>
		</tool>
		<tool id="141017_DodajWydarzenie">
			<label>Wydarzenie</label>
			<alt>pozwala wyznaczyć fragment treści tworzący opis wydarzenia historycznego</alt>
			<icon>epk-wydarzenie.png</icon>
			<template>141017_DodajWydarzenie.xml</template>
		</tool>
		<tool id="140829_DodajZadanieSilnikowe">
			<label>Zadanie silnikowe</label>
			<alt>pozwala oznaczyć WOMI typu obiekt interaktywny jako zadanie silnikowe</alt>
			<icon>epk-zadanie.png</icon>
			<template>140829_DodajZadanieSilnikowe.xml</template>
		</tool>
		<tool id="140924_DodajZadanieSilnikoweUP">
			<label>Zadanie silnikowe</label>
			<alt>pozwala oznaczyć WOMI typu obiekt interaktywny jako zadanie silnikowe</alt>
			<icon>epk-zadanie.png</icon>
			<template>140924_DodajZadanieSilnikoweUP.xml</template>
		</tool>
		<tool id="140829_DodajZadanieSilnikoweMAT">
			<label>Zadanie silnikowe</label>
			<alt>pozwala oznaczyć WOMI typu obiekt interaktywny jako zadanie silnikowe</alt>
			<icon>epk-zadanie.png</icon>
			<template>140829_DodajZadanieSilnikoweMAT.xml</template>
		</tool>
		<tool id="140407_DodajZadanie">
			<label>Zadanie</label>
			<alt>pozwala wyznaczyć fragment treści definiujący pojedyncze zadanie quizu</alt>
			<icon>epk-zadanie.png</icon>
			<template>140407_DodajZadanie.xml</template>
		</tool>
		<tool id="140407_DodajZadanieMAT">
			<label>Zadanie</label>
			<alt>pozwala wyznaczyć fragment treści definiujący pojedyncze zadanie quizu</alt>
			<icon>epk-zadanie.png</icon>
			<template>140407_DodajZadanieMAT.xml</template>
		</tool>
		<tool id="140410_DodajZadanieQuizLosoweOdp">
			<label>Zadanie z losowaniem odpowiedzi</label>
			<alt>pozwala wyznaczyć fragment treści definiujący pojedyncze zadanie quizu interaktywnego z losowaniem odpowiedzi</alt>
			<icon>epk-zadanie.png</icon>
			<template>140410_DodajZadanieQuizLosoweOdp.xml</template>
		</tool>
		<tool id="140414_DodajZadanieQuizLosoweOdpMAT">
			<label>Zadanie z losowaniem odpowiedzi</label>
			<alt>pozwala wyznaczyć fragment treści definiujący pojedyncze zadanie quizu interaktywnego z losowaniem odpowiedzi</alt>
			<icon>epk-zadanie.png</icon>
			<template>140414_DodajZadanieQuizLosoweOdpMAT.xml</template>
		</tool>
		<tool id="150527_DodajKolumnowySt1_MAT">
			<label>Układ kolumnowy pierwszego stopnia</label>
			<alt></alt>
			<icon>epk-uklad-kolumnowy.png</icon>
			<template>150527_DodajKolumnowySt1_MAT.xml</template>
		</tool>
		<tool id="150527_DodajKolumnowySt1_INF">
			<label>Układ kolumnowy pierwszego stopnia</label>
			<alt></alt>
			<icon>epk-uklad-kolumnowy.png</icon>
			<template>150527_DodajKolumnowySt1_INF.xml</template>
		</tool>
		<tool id="150506_DodajKolumnowySt1_UP">
			<label>Układ kolumnowy pierwszego stopnia</label>
			<alt></alt>
			<icon>epk-uklad-kolumnowy.png</icon>
			<template>150506_DodajKolumnowySt1_UP.xml</template>
		</tool>
		<tool id="140724_DodajKolumnowySt2">
			<label>Układ kolumnowy drugiego stopnia</label>
			<alt>ogólny</alt>
			<icon>epk-uklad-kolumnowy.png</icon>
			<template>140724_DodajKolumnowySt2.xml</template>
		</tool>
		<tool id="140904_DodajKolumnowySt2UP">
			<label>Układ kolumnowy drugiego stopnia - UP</label>
			<alt>ogólny</alt>
			<icon>epk-uklad-kolumnowy.png</icon>
			<template>140904_DodajKolumnowySt2UP.xml</template>
		</tool>
		<tool id="141203_DodajMetadaneModuluMAT">
			<label>Metdane modułu</label>
			<alt></alt>
			<icon>epk-metadane-modulu.png</icon>
			<template>141203_DodajMetadaneModuluMAT.xml</template>
		</tool>	
		<tool id="140911_DodajMetadaneModuluINF">
			<label>Metdane modułu</label>
			<alt></alt>
			<icon>epk-metadane-modulu.png</icon>
			<template>140911_DodajMetadaneModuluINF.xml</template>
		</tool>	
		<tool id="140818_DodajMetadaneModuluUP">
			<label>Metdane modułu</label>
			<alt></alt>
			<icon>epk-metadane-modulu.png</icon>
			<template>140818_DodajMetadaneModuluUP.xml</template>
		</tool>	
		<tool id="140408_DodajSlowoKluczowe">
			<label>Słowo kluczowe</label>
			<alt/>
			<icon>epk-slowo-kluczowe.png</icon>
			<template>140408_DodajSlowoKluczowe.xml</template>
		</tool>
		<tool id="140408_DodajZapisBibliograficzny_artykul">
			<label>Zapis bibliograficzny - artykuł</label>
			<alt></alt>
			<icon>epk-bibliografia.png</icon>
			<template>140408_DodajZapisBibliograficzny_artykul.xml</template>
		</tool>
		<tool id="140408_DodajZapisBibliograficzny_ksiazka">
			<label>Zapis bibliograficzny - książka</label>
			<alt></alt>
			<icon>epk-bibliografia.png</icon>
			<template>140408_DodajZapisBibliograficzny_ksiazka.xml</template>
		</tool>
		<tool id="140408_DodajZapisBibliograficzny_ustawa">
			<label>Zapis bibliograficzny - ustawa</label>
			<alt></alt>
			<icon>epk-bibliografia.png</icon>
			<template>140408_DodajZapisBibliograficzny_ustawa.xml</template>
		</tool>
		<tool id="140408_DodajZapisBibliograficzny_zrodlo_internetowe">
			<label>Zapis bibliograficzny - źródło internetowe</label>
			<alt></alt>
			<icon>epk-bibliografia.png</icon>
			<template>140408_DodajZapisBibliograficzny_zrodlo_internetowe.xml</template>
		</tool>
		<tool id="140408_DodajAutoraPublikacji">
			<label>Autor publikacji</label>
			<alt></alt>
			<icon>epk-autor-modulu.png</icon>
			<template>140408_DodajAutoraPublikacji.xml</template>
		</tool>
		<tool id="140408_DodajTlumaczaPublikacji">
			<label>Tłumacz publikacji</label>
			<alt></alt>
			<icon>epk-autor-modulu.png</icon>
			<template>140408_DodajTlumaczaPublikacji.xml</template>
		</tool>
		<tool id="141203_SzablonModuluMAT">
			<label>Szablon modułu</label>
			<alt></alt>
			<icon>epk-szablon.png</icon>
			<template>141203_SzablonModuluMAT.xml</template>
		</tool>	
		<tool id="140911_SzablonModuluINF">
			<label>Szablon modułu</label>
			<alt></alt>
			<icon>epk-szablon.png</icon>
			<template>140911_SzablonModuluINF.xml</template>
		</tool>		
		<tool id="140416_samouczek4_modul_znak_blok_womi">
			<label>Samouczek 4</label>
			<alt>Wykorzystanie stylów znakowych i blokowych, przykład użycia WOMI</alt>
			<icon>epk-szablon.png</icon>
			<template>140416_samouczek4_modul_znak_blok_womi.xml</template>
		</tool>
		<tool id="140708_samouczek_6_tworzenie_zadan_z_losowaniem_odpowiedzi">
			<label>Samouczek 6</label>
			<alt>Tworzenie zadań z losowaniem odpowiedzi (odpowiednik WOMI silnikowych ZJ-1, ZW-1, ZW-2)</alt>
			<icon>epk-szablon.png</icon>
			<template>140708_samouczek_6_tworzenie_zadan_z_losowaniem_odpowiedzi.xml</template>
		</tool>	
		<tool id="140416_przyklad_test_jednokrotnego_wyboru_1">
			<label>Odpowiednik ZJ-1 z WOMI</label>
			<alt>Test jednokrotnego wyboru z losowaniem odpowiedzi - wykorzystuje WOMI</alt>
			<icon>epk-szablon.png</icon>
			<template>140416_przyklad_test_jednokrotnego_wyboru_1.xml</template>
		</tool>		
		<tool id="140416_przyklad_test_jednokrotnego_wyboru_2">
			<label>Odpowiednik ZJ-1</label>
			<alt>Test jednokrotnego wyboru z losowaniem odpowiedzi</alt>
			<icon>epk-szablon.png</icon>
			<template>140416_przyklad_test_jednokrotnego_wyboru_2.xml</template>
		</tool>		
		<tool id="140416_przyklad_test_jednokrotnego_wyboru_3">
			<label>Odpowiednik ZJ-1 z wyrażeniami matematycznymi</label>
			<alt>Test jednokrotnego wyboru z losowaniem odpowiedzi - wykorzystuje wyrażenia matematyczne</alt>
			<icon>epk-szablon.png</icon>
			<template>140416_przyklad_test_jednokrotnego_wyboru_3.xml</template>
		</tool>		
		<tool id="140416_przyklad_test_jednokrotnego_wyboru_4">
			<label>Odpowiednik ZJ-1 ze stylami znakowymi i WOMI</label>
			<alt>Test jednokrotnego wyboru z losowaniem odpowiedzi - wykorzystuje cytaty, WOMI, etc.</alt>
			<icon>epk-szablon.png</icon>
			<template>140416_przyklad_test_jednokrotnego_wyboru_4.xml</template>
		</tool>		
		<tool id="140416_przyklad_test_wielokrotnego_wyboru_1">
			<label>Odpowiednik ZW-1 z WOMI</label>
			<alt>Test wielokrotnego wyboru z losowaniem odpowiedzi - wykorzystuje WOMI</alt>
			<icon>epk-szablon.png</icon>
			<template>140416_przyklad_test_wielokrotnego_wyboru_1.xml</template>
		</tool>		
		<tool id="140416_przyklad_test_wielokrotnego_wyboru_2">
			<label>Odpowiednik ZW-1</label>
			<alt>Test wielokrotnego wyboru z losowaniem odpowiedzi</alt>
			<icon>epk-szablon.png</icon>
			<template>140416_przyklad_test_wielokrotnego_wyboru_2.xml</template>
		</tool>		
		<tool id="140416_przyklad_test_wielokrotnego_wyboru_3">
			<label>Odpowiednik ZW-1 z wyrażeniami matematycznymi</label>
			<alt>Test wielokrotnego wyboru z losowaniem odpowiedzi - wykorzystuje wyrażenia matematyczne</alt>
			<icon>epk-szablon.png</icon>
			<template>140416_przyklad_test_wielokrotnego_wyboru_3.xml</template>
		</tool>		
		<tool id="140416_przyklad_test_wielokrotnego_wyboru_4">
			<label>Odpowiednik ZW-1 ze stylami znakowymi i WOMI</label>
			<alt>Test wielokrotnego wyboru z losowaniem odpowiedzi - wykorzystuje cytaty, WOMI, etc.</alt>
			<icon>epk-szablon.png</icon>
			<template>140416_przyklad_test_wielokrotnego_wyboru_4.xml</template>
		</tool>		
		<tool id="140416_przyklad_test_wielokrotnego_wyboru_prawda_falsz_1">
			<label>Odpowiednik ZW-2 z WOMI</label>
			<alt>Test wielokrotnego wyboru (prawda/fałsz) z losowaniem odpowiedzi - wykorzystuje WOMI</alt>
			<icon>epk-szablon.png</icon>
			<template>140416_przyklad_test_wielokrotnego_wyboru_prawda_falsz_1.xml</template>
		</tool>		
		<tool id="140416_przyklad_test_wielokrotnego_wyboru_prawda_falsz_2">
			<label>Odpowiednik ZW-2</label>
			<alt>Test wielokrotnego wyboru (prawda/fałsz) z losowaniem odpowiedzi</alt>
			<icon>epk-szablon.png</icon>
			<template>140416_przyklad_test_wielokrotnego_wyboru_prawda_falsz_2.xml</template>
		</tool>		
		<tool id="140416_przyklad_test_wielokrotnego_wyboru_prawda_falsz_3">
			<label>Odpowiednik ZW-2 z wyrażeniami matematycznymi</label>
			<alt>Test wielokrotnego wyboru (prawda/fałsz) z losowaniem odpowiedzi - wykorzystuje wyrażenia matematyczne</alt>
			<icon>epk-szablon.png</icon>
			<template>140416_przyklad_test_wielokrotnego_wyboru_prawda_falsz_3.xml</template>
		</tool>		
		<tool id="140416_przyklad_test_wielokrotnego_wyboru_prawda_falsz_4">
			<label>Odpowiednik ZW-2 ze stylami znakowymi i WOMI</label>
			<alt>Test wielokrotnego wyboru (prawda/fałsz) z losowaniem odpowiedzi - wykorzystuje cytaty, WOMI, etc.</alt>
			<icon>epk-szablon.png</icon>
			<template>140416_przyklad_test_wielokrotnego_wyboru_prawda_falsz_4.xml</template>
		</tool>		
		<tool id="140408_PrzykladWykorzystaniaSzablonow">
			<label>Przykład wykorzystania szablonów</label>
			<alt>Przykład wykorzystania szablonów - cały moduł</alt>
			<icon>epk-szablon.png</icon>
			<template>140408_PrzykladWykorzystaniaSzablonow.xml</template>
		</tool>
		<tool id="140724_przyklad_paginacji-zadania_z_losowaniem_odpowiedzi">
			<label>Przykład paginacji</label>
			<alt>Przykład paginacji - cały moduł</alt>
			<icon>epk-szablon.png</icon>
			<template>140724_przyklad_paginacji-zadania_z_losowaniem_odpowiedzi.xml</template>
		</tool>
		<tool id="140916_DodajZestawZadan">
			<label>Zestaw zadań</label>
			<alt>Pozwala zdefiniować zestaw zadań typu WOMI silnikowe</alt>
			<icon>epk-zestaw-zadan.png</icon>
			<template>140916_DodajZestawZadan.xml</template>
		</tool>	
		<tool id="141002_Dodaj_hpp_uspp_ZKOMP2">
			<label>Hasło podstawy programowej PODST-ZKOMP</label>
			<alt/>
			<icon>epk-hpp.png</icon>
			<template>141002_Dodaj_hpp_uspp_ZKOMP2.xml</template>
		</tool>
		<tool id="141002_Dodaj_hpp_uspp_PRZYR2">
			<label>Hasło podstawy programowej PODST-PRZYR</label>
			<alt/>
			<icon>epk-hpp.png</icon>
			<template>141002_Dodaj_hpp_uspp_PRZYR2.xml</template>
		</tool>
		<tool id="141002_Dodaj_hpp_uspp_MAT2">
			<label>Hasło podstawy programowej PODST-MAT</label>
			<alt/>
			<icon>epk-hpp.png</icon>
			<template>141002_Dodaj_hpp_uspp_MAT2.xml</template>
		</tool>
		<tool id="141002_Dodaj_hpp_uspp_MAT3">
			<label>Hasło podstawy programowej GIM-MAT</label>
			<alt/>
			<icon>epk-hpp.png</icon>
			<template>141002_Dodaj_hpp_uspp_MAT3.xml</template>
		</tool>
		<tool id="141002_Dodaj_hpp_uspp_MAT4">
			<label>Hasło podstawy programowej LIC-MAT</label>
			<alt/>
			<icon>epk-hpp.png</icon>
			<template>141002_Dodaj_hpp_uspp_MAT4.xml</template>
		</tool>
		<tool id="141002_Dodaj_hpp_uspp_INF3">
			<label>Hasło podstawy programowej GIM-INF</label>
			<alt/>
			<icon>epk-hpp.png</icon>
			<template>141002_Dodaj_hpp_uspp_INF3.xml</template>
		</tool>
		<tool id="141002_Dodaj_hpp_uspp_INF4">
			<label>Hasło podstawy programowej LIC-INF</label>
			<alt/>
			<icon>epk-hpp.png</icon>
			<template>141002_Dodaj_hpp_uspp_INF4.xml</template>
		</tool>
		<tool id="141002_Dodaj_hpp_uspp_GEO3">
			<label>Hasło podstawy programowej GIM-GEO</label>
			<alt/>
			<icon>epk-hpp.png</icon>
			<template>141002_Dodaj_hpp_uspp_GEO3.xml</template>
		</tool>
		<tool id="141002_Dodaj_hpp_uspp_GEO4">
			<label>Hasło podstawy programowej LIC-GEO</label>
			<alt/>
			<icon>epk-hpp.png</icon>
			<template>141002_Dodaj_hpp_uspp_GEO4.xml</template>
		</tool>
		<tool id="141002_Dodaj_hpp_uspp_FIZ3">
			<label>Hasło podstawy programowej GIM-FIZ</label>
			<alt/>
			<icon>epk-hpp.png</icon>
			<template>141002_Dodaj_hpp_uspp_FIZ3.xml</template>
		</tool>
		<tool id="141002_Dodaj_hpp_uspp_FIZ4">
			<label>Hasło podstawy programowej LIC-FIZ</label>
			<alt/>
			<icon>epk-hpp.png</icon>
			<template>141002_Dodaj_hpp_uspp_FIZ4.xml</template>
		</tool>
		<tool id="141002_Dodaj_hpp_uspp_EBEZP3">
			<label>Hasło podstawy programowej GIM-EBEZP</label>
			<alt/>
			<icon>epk-hpp.png</icon>
			<template>141002_Dodaj_hpp_uspp_EBEZP3.xml</template>
		</tool>
		<tool id="141002_Dodaj_hpp_uspp_EBEZP4">
			<label>Hasło podstawy programowej LIC-EBEZP</label>
			<alt/>
			<icon>epk-hpp.png</icon>
			<template>141002_Dodaj_hpp_uspp_EBEZP4.xml</template>
		</tool>
		<tool id="141002_Dodaj_hpp_uspp_CHEM3">
			<label>Hasło podstawy programowej GIM-CHEM</label>
			<alt/>
			<icon>epk-hpp.png</icon>
			<template>141002_Dodaj_hpp_uspp_CHEM3.xml</template>
		</tool>
		<tool id="141002_Dodaj_hpp_uspp_CHEM4">
			<label>Hasło podstawy programowej LIC-CHEM</label>
			<alt/>
			<icon>epk-hpp.png</icon>
			<template>141002_Dodaj_hpp_uspp_CHEM4.xml</template>
		</tool>
		<tool id="141002_Dodaj_hpp_uspp_BIOL3">
			<label>Hasło podstawy programowej GIM-BIOL</label>
			<alt/>
			<icon>epk-hpp.png</icon>
			<template>141002_Dodaj_hpp_uspp_BIOL3.xml</template>
		</tool>
		<tool id="141002_Dodaj_hpp_uspp_BIOL4">
			<label>Hasło podstawy programowej LIC-BIOL</label>
			<alt/>
			<icon>epk-hpp.png</icon>
			<template>141002_Dodaj_hpp_uspp_BIOL4.xml</template>
		</tool>
	</tools>
</plugin-descriptor>
